{
  "metadata": {
    "scenario": "fail_storm_recovery",
    "protocol": "meta",
    "start_time": 1760843010.4981039,
    "end_time": 1760843220.2755802,
    "fault_injection_time": 1760843133.7106276,
    "first_recovery_time": null,
    "steady_state_time": 1760843140.2462587,
    "duration_sec": 209.77747631072998,
    "phase_final": "post_recovery"
  },
  "failstorm_metrics": {
    "recovery_ms": null,
    "steady_state_ms": 6535.63117980957,
    "success_rate_drop": 0.0,
    "duplicate_work_ratio": 0.0,
    "bytes_reconnect": 0,
    "accuracy_analysis": {
      "pre_fault": {
        "total_tasks": 481,
        "successful_tasks": 282,
        "success_rate": 0.5862785862785863,
        "tasks_with_answers": 76,
        "answer_rate": 0.158004158004158,
        "answer_sources": {
          "local": 38,
          "neighbor": 38,
          "unknown": 0
        }
      },
      "recovery": {
        "total_tasks": 12,
        "successful_tasks": 5,
        "success_rate": 0.4166666666666667,
        "tasks_with_answers": 0,
        "answer_rate": 0.0,
        "answer_sources": {
          "local": 0,
          "neighbor": 0,
          "unknown": 0
        }
      },
      "post_fault": {
        "total_tasks": 81,
        "successful_tasks": 46,
        "success_rate": 0.5679012345679012,
        "tasks_with_answers": 16,
        "answer_rate": 0.19753086419753085,
        "answer_sources": {
          "local": 8,
          "neighbor": 8,
          "unknown": 0
        }
      },
      "overall": {
        "total_tasks": 574,
        "successful_tasks": 333,
        "success_rate": 0.5801393728222997,
        "tasks_with_answers": 92,
        "answer_rate": 0.1602787456445993,
        "answer_sources": {
          "local": 46,
          "neighbor": 46,
          "unknown": 0
        }
      }
    }
  },
  "performance_analysis": {
    "pre_fault_performance": {
      "count": 474,
      "mean": 1.6077593182712668,
      "median": 0.2761629819869995,
      "std": 3.9887036974457355,
      "min": 0.0,
      "max": 16.503556966781616
    },
    "recovery_performance": {
      "count": 14,
      "mean": 7.77319427898952,
      "median": 7.630729675292969,
      "std": 8.06809118324873,
      "min": 0.0,
      "max": 15.827399492263794
    },
    "post_fault_performance": {
      "count": 86,
      "mean": 6.42325481980346,
      "median": 0.35596156120300293,
      "std": 7.623859559775256,
      "min": 0.0,
      "max": 16.54997754096985
    },
    "total_task_executions": 574,
    "successful_executions": 333,
    "network_events_count": 0,
    "reconnection_attempts": 0,
    "topology_snapshots": 0
  },
  "qa_metrics": {
    "total_qa_tasks": 574,
    "successful_tasks": 333,
    "tasks_with_answers": 92,
    "success_rate": 0.5801393728222997,
    "answer_found_rate": 0.1602787456445993,
    "answer_sources": {
      "local": 46,
      "neighbor": 46
    },
    "pre_fault_answer_rate": 0.158004158004158,
    "post_fault_answer_rate": 0.17204301075268819,
    "average_task_duration": 2.4796211694591137
  },
  "agents": {
    "states": {},
    "topology_snapshots_last": []
  },
  "counts": {
    "task_executions": 574,
    "network_events": 0,
    "reconnection_attempts": 0,
    "topology_snapshots": 0
  },
  "qa_summary": {
    "total_tasks": 574,
    "found_answers": 92,
    "answer_found_rate": 0.1602787456445993,
    "groups_tested": 42,
    "group_range": "0-41",
    "answer_sources": {
      "local": 46,
      "neighbor": 46,
      "unknown": 0
    },
    "success_rate": 1.0
  }
}