{
  "total_agents": 8,
  "protocols": [
    "agora",
    "anp",
    "a2a",
    "acp"
  ],
  "agent_stats": {
    "ANP-Meta-Worker-98c91c99": {
      "protocol": "anp",
      "questions_processed": 1,
      "total_response_time": 0.01733088493347168,
      "errors": 0,
      "avg_response_time": 0.01733088493347168
    },
    "ANP-Meta-Worker-f7f07dc9": {
      "protocol": "anp",
      "questions_processed": 2,
      "total_response_time": 0.033365726470947266,
      "errors": 0,
      "avg_response_time": 0.016682863235473633
    },
    "AGORA-Meta-Worker-2c0f3b98": {
      "protocol": "agora",
      "questions_processed": 1,
      "total_response_time": 0.018809080123901367,
      "errors": 0,
      "avg_response_time": 0.018809080123901367
    },
    "AGORA-Meta-Worker-241d58c8": {
      "protocol": "agora",
      "questions_processed": 2,
      "total_response_time": 0.03523683547973633,
      "errors": 0,
      "avg_response_time": 0.017618417739868164
    },
    "A2A-Meta-Worker-d7fe128c": {
      "protocol": "a2a",
      "questions_processed": 1,
      "total_response_time": 0.0015714168548583984,
      "errors": 0,
      "avg_response_time": 0.0015714168548583984
    },
    "A2A-Meta-Worker-591a1b66": {
      "protocol": "a2a",
      "questions_processed": 2,
      "total_response_time": 0.0027930736541748047,
      "errors": 0,
      "avg_response_time": 0.0013965368270874023
    },
    "ACP-Meta-Worker-6e05da64": {
      "protocol": "acp",
      "questions_processed": 1,
      "total_response_time": 0.001108407974243164,
      "errors": 0,
      "avg_response_time": 0.001108407974243164
    },
    "ACP-Meta-Worker-db8a50da": {
      "protocol": "acp",
      "questions_processed": 2,
      "total_response_time": 0.003391742706298828,
      "errors": 0,
      "avg_response_time": 0.001695871353149414
    }
  },
  "summary": {
    "agora": {
      "agents": 2,
      "total_questions": 3,
      "avg_response_time": 0.018213748931884766,
      "total_errors": 0
    },
    "anp": {
      "agents": 2,
      "total_questions": 3,
      "avg_response_time": 0.017006874084472656,
      "total_errors": 0
    },
    "a2a": {
      "agents": 2,
      "total_questions": 3,
      "avg_response_time": 0.0014839768409729004,
      "total_errors": 0
    },
    "acp": {
      "agents": 2,
      "total_questions": 3,
      "avg_response_time": 0.001402139663696289,
      "total_errors": 0
    }
  }
}