{
  "metadata": {
    "scenario": "fail_storm_recovery",
    "protocol": "meta",
    "start_time": 1758249223.0943942,
    "end_time": 1758249425.9169247,
    "fault_injection_time": 1758249365.367112,
    "first_recovery_time": null,
    "steady_state_time": 1758249375.7243924,
    "duration_sec": 202.82253050804138,
    "phase_final": "post_recovery"
  },
  "failstorm_metrics": {
    "recovery_ms": null,
    "steady_state_ms": 10357.280492782593,
    "success_rate_drop": 0.0,
    "duplicate_work_ratio": 0.0,
    "bytes_reconnect": 0,
    "accuracy_analysis": {
      "pre_fault": {
        "total_tasks": 76,
        "successful_tasks": 48,
        "success_rate": 0.631578947368421,
        "tasks_with_answers": 18,
        "answer_rate": 0.23684210526315788,
        "answer_sources": {
          "local": 9,
          "neighbor": 9,
          "unknown": 0
        }
      },
      "recovery": {
        "total_tasks": 2,
        "successful_tasks": 1,
        "success_rate": 0.5,
        "tasks_with_answers": 0,
        "answer_rate": 0.0,
        "answer_sources": {
          "local": 0,
          "neighbor": 0,
          "unknown": 0
        }
      },
      "post_fault": {
        "total_tasks": 12,
        "successful_tasks": 6,
        "success_rate": 0.5,
        "tasks_with_answers": 2,
        "answer_rate": 0.16666666666666666,
        "answer_sources": {
          "local": 1,
          "neighbor": 1,
          "unknown": 0
        }
      },
      "overall": {
        "total_tasks": 90,
        "successful_tasks": 55,
        "success_rate": 0.6111111111111112,
        "tasks_with_answers": 20,
        "answer_rate": 0.2222222222222222,
        "answer_sources": {
          "local": 10,
          "neighbor": 10,
          "unknown": 0
        }
      }
    }
  },
  "performance_analysis": {
    "pre_fault_performance": {
      "count": 70,
      "mean": 3.2061358485903058,
      "median": 0.7113850116729736,
      "std": 6.126623344610085,
      "min": 0.0,
      "max": 19.232187032699585
    },
    "recovery_performance": {
      "count": 6,
      "mean": 2.8390930891036987,
      "median": 0.0,
      "std": 6.954329400566118,
      "min": 0.0,
      "max": 17.034558534622192
    },
    "post_fault_performance": {
      "count": 14,
      "mean": 6.757944141115461,
      "median": 0.7889491319656372,
      "std": 7.8746772203320266,
      "min": 0.0,
      "max": 15.926383256912231
    },
    "total_task_executions": 90,
    "successful_executions": 55,
    "network_events_count": 0,
    "reconnection_attempts": 0,
    "topology_snapshots": 0
  },
  "qa_metrics": {
    "total_qa_tasks": 90,
    "successful_tasks": 55,
    "tasks_with_answers": 20,
    "success_rate": 0.6111111111111112,
    "answer_found_rate": 0.2222222222222222,
    "answer_sources": {
      "local": 10,
      "neighbor": 10
    },
    "pre_fault_answer_rate": 0.23684210526315788,
    "post_fault_answer_rate": 0.14285714285714285,
    "average_task_duration": 3.7341698434617783
  },
  "agents": {
    "states": {},
    "topology_snapshots_last": []
  },
  "counts": {
    "task_executions": 90,
    "network_events": 0,
    "reconnection_attempts": 0,
    "topology_snapshots": 0
  },
  "qa_summary": {
    "total_tasks": 90,
    "found_answers": 20,
    "answer_found_rate": 0.2222222222222222,
    "groups_tested": 30,
    "group_range": "0-29",
    "answer_sources": {
      "local": 10,
      "neighbor": 10,
      "unknown": 0
    },
    "success_rate": 1.0
  }
}