{
  "metadata": {
    "scenario": "fail_storm_recovery",
    "protocol": "a2a",
    "start_time": 1758215805.5751655,
    "end_time": 1758217615.9275758,
    "fault_injection_time": 1758217497.8575368,
    "first_recovery_time": null,
    "steady_state_time": 1758217505.860211,
    "duration_sec": 1810.3524103164673,
    "phase_final": "post_recovery"
  },
  "failstorm_metrics": {
    "recovery_ms": null,
    "steady_state_ms": 8002.674102783203,
    "success_rate_drop": 0.0,
    "duplicate_work_ratio": 0.0,
    "bytes_reconnect": 4200,
    "accuracy_analysis": {
      "pre_fault": {
        "total_tasks": 3087,
        "successful_tasks": 3087,
        "success_rate": 1.0,
        "tasks_with_answers": 455,
        "answer_rate": 0.1473922902494331,
        "answer_sources": {
          "local": 10,
          "neighbor": 445,
          "unknown": 0
        }
      },
      "recovery": {
        "total_tasks": 12,
        "successful_tasks": 12,
        "success_rate": 1.0,
        "tasks_with_answers": 0,
        "answer_rate": 0.0,
        "answer_sources": {
          "local": 0,
          "neighbor": 0,
          "unknown": 0
        }
      },
      "post_fault": {
        "total_tasks": 199,
        "successful_tasks": 199,
        "success_rate": 1.0,
        "tasks_with_answers": 29,
        "answer_rate": 0.1457286432160804,
        "answer_sources": {
          "local": 0,
          "neighbor": 29,
          "unknown": 0
        }
      },
      "overall": {
        "total_tasks": 3298,
        "successful_tasks": 3298,
        "success_rate": 1.0,
        "tasks_with_answers": 484,
        "answer_rate": 0.14675560946027896,
        "answer_sources": {
          "local": 10,
          "neighbor": 474,
          "unknown": 0
        }
      }
    }
  },
  "performance_analysis": {
    "pre_fault_performance": {
      "count": 213,
      "mean": 4.339915105434651,
      "median": 3.814664602279663,
      "std": 1.9888074532463669,
      "min": 1.343285322189331,
      "max": 13.468446254730225
    },
    "recovery_performance": {
      "count": 14,
      "mean": 3.4482660123280118,
      "median": 3.3542721271514893,
      "std": 1.0328390404561374,
      "min": 1.899371862411499,
      "max": 5.596724510192871
    },
    "post_fault_performance": {
      "count": 3071,
      "mean": 4.185508840676435,
      "median": 3.764610767364502,
      "std": 1.6298152025023378,
      "min": 1.5218806266784668,
      "max": 15.570592164993286
    },
    "total_task_executions": 3298,
    "successful_executions": 3298,
    "network_events_count": 84,
    "reconnection_attempts": 42,
    "topology_snapshots": 0
  },
  "qa_metrics": {
    "total_qa_tasks": 3298,
    "successful_tasks": 3298,
    "tasks_with_answers": 484,
    "success_rate": 1.0,
    "answer_found_rate": 0.14675560946027896,
    "answer_sources": {
      "neighbor": 474,
      "local": 10
    },
    "pre_fault_answer_rate": 0.1473922902494331,
    "post_fault_answer_rate": 0.13744075829383887,
    "average_task_duration": 4.192351513446787
  },
  "agents": {
    "states": {},
    "topology_snapshots_last": []
  },
  "counts": {
    "task_executions": 3298,
    "network_events": 84,
    "reconnection_attempts": 42,
    "topology_snapshots": 0
  },
  "protocol_summary": {
    "a2a": {
      "killed_agents_initial": 0,
      "final_alive": 8,
      "total_agents": 8
    }
  },
  "qa_summary": {
    "total_tasks": 3298,
    "found_answers": 484,
    "answer_found_rate": 0.14675560946027896,
    "groups_tested": 421,
    "group_range": "0-420",
    "answer_sources": {
      "local": 10,
      "neighbor": 474,
      "unknown": 0
    },
    "success_rate": 1.0
  }
}