{
  "metadata": {
    "scenario": "fail_storm_recovery",
    "protocol": "meta",
    "start_time": 1758252775.829979,
    "end_time": 1758254592.958517,
    "fault_injection_time": 1758254482.3705628,
    "first_recovery_time": null,
    "steady_state_time": 1758254488.9120157,
    "duration_sec": 1817.1285381317139,
    "phase_final": "post_recovery"
  },
  "failstorm_metrics": {
    "recovery_ms": null,
    "steady_state_ms": 6541.452884674072,
    "success_rate_drop": 0.0,
    "duplicate_work_ratio": 0.0,
    "bytes_reconnect": 0,
    "accuracy_analysis": {
      "pre_fault": {
        "total_tasks": 3097,
        "successful_tasks": 3097,
        "success_rate": 1.0,
        "tasks_with_answers": 458,
        "answer_rate": 0.14788505004843397,
        "answer_sources": {
          "local": 10,
          "neighbor": 448,
          "unknown": 0
        }
      },
      "recovery": {
        "total_tasks": 9,
        "successful_tasks": 9,
        "success_rate": 1.0,
        "tasks_with_answers": 1,
        "answer_rate": 0.1111111111111111,
        "answer_sources": {
          "local": 0,
          "neighbor": 1,
          "unknown": 0
        }
      },
      "post_fault": {
        "total_tasks": 186,
        "successful_tasks": 186,
        "success_rate": 1.0,
        "tasks_with_answers": 27,
        "answer_rate": 0.14516129032258066,
        "answer_sources": {
          "local": 0,
          "neighbor": 27,
          "unknown": 0
        }
      },
      "overall": {
        "total_tasks": 3292,
        "successful_tasks": 3292,
        "success_rate": 1.0,
        "tasks_with_answers": 486,
        "answer_rate": 0.14763061968408261,
        "answer_sources": {
          "local": 10,
          "neighbor": 476,
          "unknown": 0
        }
      }
    }
  },
  "performance_analysis": {
    "pre_fault_performance": {
      "count": 211,
      "mean": 4.373964698393763,
      "median": 3.8766937255859375,
      "std": 1.8943987829667202,
      "min": 1.8534159660339355,
      "max": 12.363444566726685
    },
    "recovery_performance": {
      "count": 12,
      "mean": 3.5302072167396545,
      "median": 3.0870591402053833,
      "std": 1.4403007113117468,
      "min": 2.0111873149871826,
      "max": 6.232039451599121
    },
    "post_fault_performance": {
      "count": 3069,
      "mean": 4.183409380656417,
      "median": 3.7340619564056396,
      "std": 1.6406141353914923,
      "min": 1.488990068435669,
      "max": 15.833060264587402
    },
    "total_task_executions": 3292,
    "successful_executions": 3292,
    "network_events_count": 0,
    "reconnection_attempts": 0,
    "topology_snapshots": 0
  },
  "qa_metrics": {
    "total_qa_tasks": 3292,
    "successful_tasks": 3292,
    "tasks_with_answers": 486,
    "success_rate": 1.0,
    "answer_found_rate": 0.14763061968408261,
    "answer_sources": {
      "neighbor": 476,
      "local": 10
    },
    "pre_fault_answer_rate": 0.14788505004843397,
    "post_fault_answer_rate": 0.14358974358974358,
    "average_task_duration": 4.193241928066981
  },
  "agents": {
    "states": {},
    "topology_snapshots_last": []
  },
  "counts": {
    "task_executions": 3292,
    "network_events": 0,
    "reconnection_attempts": 0,
    "topology_snapshots": 0
  },
  "qa_summary": {
    "total_tasks": 3292,
    "found_answers": 486,
    "answer_found_rate": 0.14763061968408261,
    "groups_tested": 429,
    "group_range": "0-428",
    "answer_sources": {
      "local": 10,
      "neighbor": 476,
      "unknown": 0
    },
    "success_rate": 1.0
  }
}